Model_ID,Brand_ID,Model_Name,Year
0,0,500,2008.0
1,0,595,2017.0
2,1,MDX,2013.0
3,1,RDX,2012.0
4,1,RL,2009.0
5,1,RLX,2013.0
6,1,RLX,2016.0
7,1,TL,2009.0
8,1,TL,2010.0
9,1,TSX,2009.0
10,1,TSX,2010.0
11,1,TSX,2011.0
12,3,147,2008.0
13,3,159,2008.0
14,3,159,2008.0
15,3,4C,2014.0
16,3,Giulia,2017.0
17,3,Giulia,2017.0
18,3,Giulia,2018.0
19,3,Giulietta,2010.0
20,3,Giulietta,2011.0
21,3,Giulietta,2012.0
22,3,Giulietta,2012.0
23,3,Giulietta,2018.0
24,3,Giulietta,2018.0
25,3,GT,2008.0
26,3,MiTo,2008.0
27,3,MiTo,2009.0
28,3,MiTo,2010.0
29,3,Stelvio,2017.0
30,3,Stelvio,2017.0
31,4,B7,2011.0
32,5,Rapide,2013.0
33,6,A1,2010.0
34,6,A1,2014.0
35,6,A1,2018.0
36,6,A1,2018.0
37,6,A3,2008.0
38,6,A3,2009.0
39,6,A3,2010.0
40,6,A3,2010.0
41,6,A3,2011.0
42,6,A3,2012.0
43,6,A3,2012.0
44,6,A3,2013.0
45,6,A3,2013.0
46,6,A3,2014.0
47,6,A3,2014.0
48,6,A3,2014.0
49,6,A3,2016.0
50,6,A3,2016.0
51,6,A3,2016.0
52,6,A3,2018.0
53,6,A3,2018.0
54,6,A4,2008.0
55,6,A4,2008.0
56,6,A4,2008.0
57,6,A4,2009.0
58,6,A4,2011.0
59,6,A4,2011.0
60,6,A4,2012.0
61,6,A4,2012.0
62,6,A4,2012.0
63,6,A4,2014.0
64,6,A4,2014.0
65,6,A4,2014.0
66,6,A4,2015.0
67,6,A4,2015.0
68,6,A4,2016.0
69,6,A4,2016.0
70,6,A4,2017.0
71,6,A5,2008.0
72,6,A5,2009.0
73,6,A5,2010.0
74,6,A5,2010.0
75,6,A5,2012.0
76,6,A5,2016.0
77,6,A5,2018.0
78,6,A6,2009.0
79,6,A6,2009.0
80,6,A6,2010.0
81,6,A6,2010.0
82,6,A6,2011.0
83,6,A6,2011.0
84,6,A6,2011.0
85,6,A6,2012.0
86,6,A6,2012.0
87,6,A6,2015.0
88,6,A6,2015.0
89,6,A6,2016.0
90,6,A6,2016.0
91,6,A6,2016.0
92,6,A6,2016.0
93,6,A6,2017.0
94,6,A6,2017.0
95,6,A6,2017.0
96,6,A6,2017.0
97,6,A7,2011.0
98,6,A8,2008.0
99,6,A8,2010.0
100,6,A8,2010.0
101,6,A8,2011.0
102,6,A8,2012.0
103,6,A8,2014.0
104,6,Q2,2017.0
105,6,Q2,2018.0
106,6,Q2,2018.0
107,6,Q3,2011.0
108,6,Q3,2015.0
109,6,Q3,2016.0
110,6,Q3,2016.0
111,6,Q3,2018.0
112,6,Q3 RS,2015.0
113,6,Q5,2008.0
114,6,Q5,2009.0
115,6,Q5,2009.0
116,6,Q5,2011.0
117,6,Q5,2012.0
118,6,Q5,2012.0
119,6,Q5,2014.0
120,6,Q5,2014.0
121,6,Q5,2014.0
122,6,Q5,2016.0
123,6,Q5,2017.0
124,6,Q5,2017.0
125,6,Q5,2017.0
126,6,Q5,2018.0
127,6,Q7,2010.0
128,6,Q7,2015.0
129,6,Q7,2016.0
130,6,Q7,2017.0
131,6,R8,2009.0
132,6,R8,2010.0
133,6,R8,2016.0
134,6,R8,2017.0
135,6,R8,2017.0
136,6,RS4,2008.0
137,6,RS5,2012.0
138,6,RS5,2017.0
139,6,RS7,2017.0
140,6,S3,2014.0
141,6,S3,2017.0
142,6,S4,2009.0
143,6,S5,2008.0
144,6,S8,2016.0
145,6,SQ5,2014.0
146,6,SQ5,2016.0
147,6,SQ5,2017.0
148,6,SQ7,2017.0
149,6,TT,2008.0
150,6,TT,2008.0
151,6,TT,2009.0
152,6,TT,2014.0
153,6,TT,2016.0
154,6,TT,2017.0
155,6,TT,2017.0
156,6,TT,2018.0
157,6,TT Roadster,2015.0
158,6,TTS,2008.0
159,6,TTS,2016.0
160,6,TTS,2016.0
161,7,Bentayga,2016.0
162,7,Bentayga,2017.0
163,7,Continental,2010.0
164,7,Continental GT,2012.0
165,7,Continental GT,2013.0
166,8,1,2008.0
167,8,1,2008.0
168,8,1,2008.0
169,8,1,2008.0
170,8,1,2008.0
171,8,1,2008.0
172,8,1,2008.0
173,8,1,2009.0
174,8,1,2010.0
175,8,1,2010.0
176,8,1,2011.0
177,8,1,2011.0
178,8,1,2011.0
179,8,1,2011.0
180,8,1,2012.0
181,8,1,2012.0
182,8,1,2012.0
183,8,1,2013.0
184,8,1,2013.0
185,8,1,2013.0
186,8,1,2013.0
187,8,1,2013.0
188,8,1,2015.0
189,8,1,2016.0
190,8,1,2017.0
191,8,1,2017.0
192,8,1,2017.0
193,8,1,2018.0
194,8,2,2014.0
195,8,2,2015.0
196,8,2,2015.0
197,8,2,2015.0
198,8,2,2015.0
199,8,2,2016.0
200,8,2,2016.0
201,8,2,2017.0
202,8,2,2018.0
203,8,2,2018.0
204,8,2,2018.0
205,8,3,2008.0
206,8,3,2008.0
207,8,3,2008.0
208,8,3,2008.0
209,8,3,2009.0
210,8,3,2009.0
211,8,3,2009.0
212,8,3,2009.0
213,8,3,2010.0
214,8,3,2011.0
215,8,3,2011.0
216,8,3,2012.0
217,8,3,2012.0
218,8,3,2012.0
219,8,3,2012.0
220,8,3,2013.0
221,8,3,2014.0
222,8,3,2014.0
223,8,3,2014.0
224,8,3,2015.0
225,8,3,2016.0
226,8,3,2016.0
227,8,3,2017.0
228,8,3,2018.0
229,8,4,2014.0
230,8,4,2016.0
231,8,4,2017.0
232,8,5,2008.0
233,8,5,2008.0
234,8,5,2009.0
235,8,5,2010.0
236,8,5,2010.0
237,8,5,2010.0
238,8,5,2010.0
239,8,5,2011.0
240,8,5,2011.0
241,8,5,2011.0
242,8,5,2011.0
243,8,5,2012.0
244,8,5,2012.0
245,8,5,2012.0
246,8,5,2015.0
247,8,5,2015.0
248,8,5,2016.0
249,8,5,2016.0
250,8,5,2016.0
251,8,5,2016.0
252,8,5,2017.0
253,8,5,2017.0
254,8,5,2017.0
255,8,5,2017.0
256,8,5,2017.0
257,8,5,2018.0
258,8,5,2018.0
259,8,6,2012.0
260,8,6,2012.0
261,8,6,2012.0
262,8,7,2009.0
263,8,7,2009.0
264,8,7,2010.0
265,8,7,2010.0
266,8,7,2011.0
267,8,7,2013.0
268,8,7,2014.0
269,8,7,2016.0
270,8,7,2017.0
271,8,i3,2014.0
272,8,i3,2017.0
273,8,i3,2018.0
274,8,i8,2014.0
275,8,M2,2016.0
276,8,M2,2017.0
277,8,M3,2008.0
278,8,M3,2008.0
279,8,M3,2013.0
280,8,M3,2014.0
281,8,M3,2017.0
282,8,M4,2017.0
283,8,M4,2017.0
284,8,M5,2012.0
285,8,M6,2012.0
286,8,M6,2017.0
287,8,X1,2011.0
288,8,X1,2011.0
289,8,X1,2013.0
290,8,X1,2015.0
291,8,X1,2016.0
292,8,X1,2017.0
293,8,X1,2018.0
294,8,X3,2008.0
295,8,X3,2008.0
296,8,X3,2011.0
297,8,X3,2011.0
298,8,X3,2014.0
299,8,X3,2016.0
300,8,X3,2016.0
301,8,X3,2017.0
302,8,X3,2018.0
303,8,X4,2014.0
304,8,X4,2015.0
305,8,X4,2016.0
306,8,X4,2018.0
307,8,X5,2010.0
308,8,X5,2010.0
309,8,X5,2012.0
310,8,X5,2012.0
311,8,X5,2013.0
312,8,X5,2014.0
313,8,X5,2014.0
314,8,X5,2014.0
315,8,X5,2015.0
316,8,X5,2016.0
317,8,X6,2008.0
318,8,X6,2009.0
319,8,X6,2016.0
320,8,Z4,2009.0
321,8,Z4,2011.0
322,10,Cascada,2016.0
323,10,Enclave,2008.0
324,10,Enclave,2012.0
325,10,Enclave,2016.0
326,10,LaCrosse,2010.0
327,10,LaCrosse,2013.0
328,10,Regal,2011.0
329,10,Verano,2012.0
330,10,Verano,2012.0
331,12,ATS,2012.0
332,12,ATS,2013.0
333,12,ATX,2012.0
334,12,BLS,2008.0
335,12,CTS,2008.0
336,12,CTS,2008.0
337,12,CTS,2010.0
338,12,CTS,2011.0
339,12,CTS,2012.0
340,12,CTS,2013.0
341,12,CTS,2015.0
342,12,CTS,2016.0
343,12,CTS Coupe,2011.0
344,12,CTS-V,2010.0
345,12,CTS-V,2011.0
346,12,CTS-V,2012.0
347,12,CTS-V,2017.0
348,12,Escalade,2009.0
349,12,Escalade,2016.0
350,12,SRX,2010.0
351,12,SRX,2010.0
352,12,XT5,2017.0
353,13,Aveo,2008.0
354,13,Aveo,2011.0
355,13,Camaro,2010.0
356,13,Camaro,2010.0
357,13,Camaro,2010.0
358,13,Camaro,2011.0
359,13,Camaro,2011.0
360,13,Camaro,2012.0
361,13,Camaro,2016.0
362,13,Camaro,2017.0
363,13,Captiva,2008.0
364,13,Cobalt,2008.0
365,13,Cobalt,2009.0
366,13,Corvette,2008.0
367,13,Corvette,2009.0
368,13,Corvette,2010.0
369,13,Corvette,2010.0
370,13,Corvette,2011.0
371,13,Corvette,2012.0
372,13,Corvette,2013.0
373,13,Corvette,2016.0
374,13,Corvette,2017.0
375,13,Cruze,2009.0
376,13,Cruze,2012.0
377,13,Cruze,2012.0
378,13,Equinox,2008.0
379,13,Equinox,2010.0
380,13,HHR,2008.0
381,13,Impala,2013.0
382,13,Lacetti,2008.0
383,13,Malibu,2008.0
384,13,Malibu,2012.0
385,13,Malibu,2016.0
386,13,Orlando,2011.0
387,13,Silverado,2009.0
388,13,Silverado,2016.0
389,13,Sonic,2012.0
390,13,SS,2014.0
391,13,Suburban,2016.0
392,13,Tahoe,2008.0
393,13,Tahoe,2013.0
394,13,Tahoe,2014.0
395,13,Traverse,2009.0
396,13,Volt,2011.0
397,13,Volt,2011.0
398,13,Volt,2012.0
399,14,200,2011.0
400,14,300,2011.0
401,14,Grand Voyager,2008.0
402,14,Grand Voyager,2008.0
403,14,Sebring,2008.0
404,14,Town and Country,2014.0
405,15,Berlingo,2008.0
406,15,Berlingo,2018.0
407,15,C1,2008.0
408,15,C1,2009.0
409,15,C1,2009.0
410,15,C1,2012.0
411,15,C1,2013.0
412,15,C3,2009.0
413,15,C3,2010.0
414,15,C3,2013.0
415,15,C3,2017.0
416,15,C3,2017.0
417,15,C3,2017.0
418,15,C3,2018.0
419,15,C3,2018.0
420,15,C3 Aircross,2018.0
421,15,C3 Aircross,2018.0
422,15,C4,2008.0
423,15,C4,2008.0
424,15,C4,2008.0
425,15,C4,2009.0
426,15,C4,2009.0
427,15,C4,2010.0
428,15,C4,2011.0
429,15,C4,2011.0
430,15,C4,2012.0
431,15,C4,2012.0
432,15,C4,2013.0
433,15,C4,2014.0
434,15,C4,2015.0
435,15,C4,2018.0
436,15,C4,2018.0
437,15,C4 Cactus,2018.0
438,15,C4 Picasso,2017.0
439,15,C5,2008.0
440,15,C5,2008.0
441,15,C5,2008.0
442,15,C5,2008.0
443,15,C5,2009.0
444,15,C5,2010.0
445,15,C5,2011.0
446,15,C6,2008.0
447,15,C6,2008.0
448,15,C-Crosser,2008.0
449,15,C-Zero,2011.0
450,15,DS3,2010.0
451,15,DS4,2011.0
452,15,DS4,2011.0
453,15,DS4,2011.0
454,15,DS5,2012.0
455,17,Duster,2010.0
456,17,Duster,2012.0
457,17,Duster,2014.0
458,17,Duster,2015.0
459,17,Duster,2018.0
460,17,Duster,2018.0
461,17,Lodgy,2013.0
462,17,Logan,2008.0
463,17,Logan,2008.0
464,17,Logan,2009.0
465,17,Sandero,2008.0
466,17,Sandero,2010.0
467,17,Sandero,2013.0
468,17,Sandero,2018.0
469,18,Cuore,2009.0
470,18,Materia,2008.0
471,18,Sirion,2008.0
472,18,Sirion2,2008.0
473,19,Avenger,2008.0
474,19,Caliber,2008.0
475,19,Caliber,2008.0
476,19,Challenger,2008.0
477,19,Challenger,2011.0
478,19,Challenger,2016.0
479,19,Charger,2012.0
480,19,Dart,2012.0
481,19,Journey,2008.0
482,19,Journey,2016.0
483,19,Ram,2009.0
484,19,Ram,2010.0
485,19,Ram,2012.0
486,19,Ram,2013.0
487,19,Viper,2008.0
488,19,Viper,2013.0
489,20,3,2018.0
490,20,3,2018.0
491,20,4,2016.0
492,20,5,2015.0
493,20,5,2018.0
494,21,124,2016.0
495,21,124,2018.0
496,21,500,2008.0
497,21,500,2009.0
498,21,500,2011.0
499,21,500,2011.0
500,21,500,2012.0
501,21,500,2012.0
502,21,500,2015.0
503,21,500 C,2013.0
504,21,500 L,2013.0
505,21,500 L,2013.0
506,21,500L,2018.0
507,21,500X,2015.0
508,21,500X,2018.0
509,21,Bravo,2008.0
510,21,Bravo,2009.0
511,21,Doblo,2011.0
512,21,Grande Punto,2011.0
513,21,Panda,2008.0
514,21,Panda,2012.0
515,21,Panda,2013.0
516,21,Panda,2018.0
517,21,Panda,2018.0
518,21,Punto,2012.0
519,21,Punto Evo,2010.0
520,21,Punto Evo,2010.0
521,21,Punto Evo,2010.0
522,21,Punto Evo,2011.0
523,21,Qubo,2009.0
524,21,Sedici,2008.0
525,21,Sedici,2010.0
526,21,Tipo,2017.0
527,21,Tipo,2018.0
528,22,B-Max,2012.0
529,22,B-Max,2018.0
530,22,C-Max,2011.0
531,22,C-Max,2011.0
532,22,C-Max,2011.0
533,22,C-Max,2012.0
534,22,C-Max,2014.0
535,22,C-Max,2016.0
536,22,EcoSport,2014.0
537,22,EcoSport,2014.0
538,22,Edge,2011.0
539,22,Edge,2016.0
540,22,Escape,2008.0
541,22,Expedition,2008.0
542,22,Explorer,2011.0
543,22,F-150,2009.0
544,22,F-150,2010.0
545,22,F-150,2011.0
546,22,F-150,2013.0
547,22,F-150,2016.0
548,22,F-450,2008.0
549,22,Fiesta,2008.0
550,22,Fiesta,2008.0
551,22,Fiesta,2009.0
552,22,Fiesta,2009.0
553,22,Fiesta,2010.0
554,22,Fiesta,2011.0
555,22,Fiesta,2013.0
556,22,Fiesta,2013.0
557,22,Fiesta,2014.0
558,22,Fiesta,2016.0
559,22,Fiesta,2016.0
560,22,Fiesta,2017.0
561,22,Fiesta,2018.0
562,22,Fiesta,2018.0
563,22,Flex,2009.0
564,22,Focus,2008.0
565,22,Focus,2008.0
566,22,Focus,2008.0
567,22,Focus,2008.0
568,22,Focus,2008.0
569,22,Focus,2009.0
570,22,Focus,2009.0
571,22,Focus,2009.0
572,22,Focus,2010.0
573,22,Focus,2010.0
574,22,Focus,2011.0
575,22,Focus,2011.0
576,22,Focus,2011.0
577,22,Focus,2012.0
578,22,Focus,2012.0
579,22,Focus,2012.0
580,22,Focus,2012.0
581,22,Focus,2013.0
582,22,Focus,2013.0
583,22,Focus,2014.0
584,22,Focus,2015.0
585,22,Focus,2016.0
586,22,Focus,2016.0
587,22,Focus,2016.0
588,22,Focus,2016.0
589,22,Focus,2017.0
590,22,Focus,2018.0
591,22,Fusion,2010.0
592,22,Fusion,2012.0
593,22,Fusion,2012.0
594,22,Fusion,2013.0
595,22,Galaxy,2008.0
596,22,Grand C-Max,2012.0
597,22,Ka,2008.0
598,22,Ka,2009.0
599,22,Ka,2013.0
600,22,Ka,2017.0
601,22,Kuga,2008.0
602,22,Kuga,2010.0
603,22,Kuga,2013.0
604,22,Kuga,2015.0
605,22,Kuga,2018.0
606,22,Mondeo,2008.0
607,22,Mondeo,2008.0
608,22,Mondeo,2009.0
609,22,Mondeo,2011.0
610,22,Mondeo,2011.0
611,22,Mondeo,2012.0
612,22,Mondeo,2014.0
613,22,Mondeo,2015.0
614,22,Mondeo,2017.0
615,22,Mondeo,2017.0
616,22,Mustang,2008.0
617,22,Mustang,2008.0
618,22,Mustang,2011.0
619,22,Mustang,2011.0
620,22,Mustang,2011.0
621,22,Mustang,2013.0
622,22,Mustang,2016.0
623,22,Shelby,2014.0
624,22,S-Max,2008.0
625,22,S-Max,2010.0
626,22,S-Max,2015.0
627,22,S-Max,2016.0
628,22,Taurus,2010.0
629,22,Taurus,2016.0
630,22 ,Ka,2009.0
631,22 ,Mustang,2013.0
632,23,G80,2016.0
633,24,Sierra,2013.0
634,24,Sierra,2016.0
635,24,Terrain,2010.0
636,24,Yukon,2016.0
637,25,Accord,2008.0
638,25,Accord,2008.0
639,25,Accord,2008.0
640,25,Accord,2009.0
641,25,Accord,2009.0
642,25,Accord,2010.0
643,25,Accord,2011.0
644,25,Accord,2012.0
645,25,Accord,2012.0
646,25,Accord,2012.0
647,25,Accord,2012.0
648,25,Accord,2013.0
649,25,Accord,2013.0
650,25,Accord,2014.0
651,25,Civic,2008.0
652,25,Civic,2010.0
653,25,Civic,2010.0
654,25,Civic,2011.0
655,25,Civic,2012.0
656,25,Civic,2012.0
657,25,Civic,2014.0
658,25,Civic,2014.0
659,25,Civic,2017.0
660,25,CR-V,2008.0
661,25,CR-V,2012.0
662,25,CR-V,2013.0
663,25,CR-V,2014.0
664,25,CR-V,2015.0
665,25,CR-Z,2011.0
666,25,Fit,2009.0
667,25,HR-V,2016.0
668,25,HR-V,2017.0
669,25,HR-V,2017.0
670,25,Insight,2009.0
671,25,Insight,2010.0
672,25,Insight,2012.0
673,25,Jazz,2009.0
674,25,Jazz,2010.0
675,25,Jazz,2011.0
676,25,Jazz,2016.0
677,25,Legend,2009.0
678,25,NSX,2017.0
679,25,Odyssey,2011.0
680,25,Pilot,2009.0
681,26,H3,2008.0
682,27,Accent,2012.0
683,27,Azera,2012.0
684,27,Coupe,2008.0
685,27,Elantra,2009.0
686,27,Equues,2011.0
687,27,Genesis,2009.0
688,27,Genesis,2010.0
689,27,Genesis,2010.0
690,27,Genesis,2011.0
691,27,Genesis,2012.0
692,27,Genesis,2012.0
693,27,Genesis,2013.0
694,27,i10,2008.0
695,27,i10,2011.0
696,27,i10,2013.0
697,27,i10,2014.0
698,27,i10,2016.0
699,27,i20,2008.0
700,27,i20,2009.0
701,27,i20,2009.0
702,27,i20,2010.0
703,27,i20,2012.0
704,27,i20,2015.0
705,27,i20,2016.0
706,27,i20,2017.0
707,27,i30,2008.0
708,27,i30,2010.0
709,27,i30,2012.0
710,27,i30,2012.0
711,27,i30,2012.0
712,27,i30,2013.0
713,27,i30,2017.0
714,27,i30,2017.0
715,27,i30,2017.0
716,27,i40,2011.0
717,27,i40,2011.0
718,27,i40,2012.0
719,27,i40,2013.0
720,27,i40,2015.0
721,27,Ioniq,2016.0
722,27,Ioniq,2017.0
723,27,Ioniq,2018.0
724,27,ix20,2011.0
725,27,ix20,2011.0
726,27,IX35,2010.0
727,27,IX35,2012.0
728,27,Kona,2018.0
729,27,Santa Fe,2010.0
730,27,Sonata,2009.0
731,27,Sonata,2011.0
732,27,Sonata,2011.0
733,27,Sonata,2011.0
734,27,Tucson,2010.0
735,27,Tucson,2014.0
736,27,Tucson,2015.0
737,27,Tucson,2016.0
738,27,Tucson,2016.0
739,27,Tucson,2018.0
740,27,Velostar,2011.0
741,27,Veloster,2011.0
742,27,Veloster,2012.0
743,29,EX,2008.0
744,29,EX,2009.0
745,29,FX,2009.0
746,29,G,2008.0
747,29,G,2009.0
748,29,G,2009.0
749,29,G,2010.0
750,29,G,2011.0
751,29,JX,2012.0
752,29,M,2011.0
753,29,M,2011.0
754,29,M,2011.0
755,29,M,2011.0
756,29,M,2012.0
757,29,M,2012.0
758,29,Q,2013.0
759,29,Q,2014.0
760,29,Q,2015.0
761,29,Q30,2016.0
762,29,Q30,2016.0
763,29,QX,2011.0
764,29,QX,2013.0
765,29,QX50,2016.0
766,30,E-Pace,2018.0
767,30,F-Pace,2016.0
768,30,F-Pace,2016.0
769,30,F-Pace,2017.0
770,30,F-Type,2014.0
771,30,F-Type,2017.0
772,30,XE,2015.0
773,30,XE,2016.0
774,30,XE,2016.0
775,30,XF,2008.0
776,30,XF,2008.0
777,30,XF,2009.0
778,30,XF,2010.0
779,30,XF,2011.0
780,30,XF,2011.0
781,30,XF,2016.0
782,30,XF,2016.0
783,30,XF,2017.0
784,30,XFR,2010.0
785,30,XF-S,2009.0
786,30,XJ,2010.0
787,30,XJ,2010.0
788,30,XJ,2014.0
789,30,XK,2008.0
790,30,XK,2011.0
791,30,XKR-S,2012.0
792,30,X-type,2008.0
793,31,Cherokee,2014.0
794,31,Compass,2011.0
795,31,Compass,2018.0
796,31,Grand Cherokee,2008.0
797,31,Grand Cherokee,2008.0
798,31,Grand Cherokee,2011.0
799,31,Grand Cherokee,2012.0
800,31,Grand Cherokee,2014.0
801,31,Renegade,2015.0
802,31,Renegade,2018.0
803,31,Renegade,2018.0
804,31,Wrangler,2008.0
805,31,Wrangler,2012.0
806,32,Carens,2008.0
807,32,Carens,2013.0
808,32,Cee'd,2008.0
809,32,Cee'd,2008.0
810,32,Cee'd,2008.0
811,32,Cee'd,2008.0
812,32,Cee'd,2008.0
813,32,Cee'd,2009.0
814,32,Cee'd,2010.0
815,32,Cee'd,2012.0
816,32,Cee'd,2014.0
817,32,Cee'd,2016.0
818,32,Cee'd,2016.0
819,32,Forte,2010.0
820,32,Niro,2016.0
821,32,Niro,2018.0
822,32,Optima,2011.0
823,32,Optima,2011.0
824,32,Optima,2012.0
825,32,Optima,2013.0
826,32,Optima,2016.0
827,32,Optima,2017.0
828,32,Optima,2017.0
829,32,Picanto,2008.0
830,32,Picanto,2011.0
831,32,Picanto,2012.0
832,32,Picanto,2013.0
833,32,Picanto,2018.0
834,32,Pro Cee'd,2014.0
835,32,Pro_CEE'D,2013.0
836,32,Rio,2011.0
837,32,Rio,2011.0
838,32,Rio,2012.0
839,32,Rio,2017.0
840,32,Sorento,2010.0
841,32,Sorento,2011.0
842,32,Sorento,2011.0
843,32,Soul,2009.0
844,32,Soul,2009.0
845,32,Soul,2010.0
846,32,Soul,2015.0
847,32,Soul,2017.0
848,32,Sportage,2010.0
849,32,Sportage,2011.0
850,32,Sportage,2012.0
851,32,Sportage,2012.0
852,32,Sportage,2012.0
853,32,Sportage,2016.0
854,32,Sportage,2018.0
855,32,Stonic,2017.0
856,32,Stonic,2018.0
857,32,Venga,2010.0
858,32,Venga,2010.0
859,34,Delta,2008.0
860,34,Delta,2009.0
861,34,Delta,2010.0
862,34,Delta,2011.0
863,34,Thema,2012.0
864,34,Ypsilon,2011.0
865,34,Ypsilon,2011.0
866,34,Ypsilon,2013.0
867,35,Discovery,2010.0
868,35,Discovery,2015.0
869,35,Discovery,2016.0
870,35,Discovery,2017.0
871,35,Discovery,2018.0
872,35,Discovery Sport,2017.0
873,35,Freelander,2008.0
874,35,Freelander,2008.0
875,35,Freelander,2009.0
876,35,Freelander,2011.0
877,36,CT,2011.0
878,36,CT,2012.0
879,36,CT,2014.0
880,36,CT,2018.0
881,36,ES,2012.0
882,36,GS,2009.0
883,36,GS,2012.0
884,36,GS,2012.0
885,36,GS,2014.0
886,36,GS,2017.0
887,36,GX,2010.0
888,36,HS,2010.0
889,36,IS,2008.0
890,36,IS,2008.0
891,36,IS,2010.0
892,36,IS,2010.0
893,36,IS,2010.0
894,36,IS,2013.0
895,36,IS,2013.0
896,36,IS,2018.0
897,36,LS,2008.0
898,36,LS,2009.0
899,36,LS,2010.0
900,36,LS,2013.0
901,36,LS,2016.0
902,36,NX,2014.0
903,36,NX,2018.0
904,36,RC,2016.0
905,36,RX,2010.0
906,36,RX,2011.0
907,36,RX,2013.0
908,36,RX,2016.0
909,36,RX,2018.0
910,38,MKS,2009.0
911,38,MKT,2010.0
912,38,MKX,2016.0
913,38,MKZ,2012.0
914,39,Elise,2008.0
915,39,Elise,2014.0
916,39,Evora,2011.0
917,42,2,2008.0
918,42,2,2011.0
919,42,2,2011.0
920,42,2,2011.0
921,42,2,2011.0
922,42,2,2012.0
923,42,2,2015.0
924,42,2,2017.0
925,42,2,2018.0
926,42,3,2010.0
927,42,3,2010.0
928,42,3,2010.0
929,42,3,2011.0
930,42,3,2011.0
931,42,3,2012.0
932,42,3,2014.0
933,42,3,2014.0
934,42,3,2015.0
935,42,3,2018.0
936,42,5,2008.0
937,42,5,2011.0
938,42,5,2011.0
939,42,5,2012.0
940,42,6,2008.0
941,42,6,2008.0
942,42,6,2008.0
943,42,6,2009.0
944,42,6,2011.0
945,42,6,2011.0
946,42,6,2013.0
947,42,6,2013.0
948,42,6,2013.0
949,42,6,2015.0
950,42,6,2016.0
951,42,6,2017.0
952,42,6,2017.0
953,42,CX3,2016.0
954,42,CX-3,2015.0
955,42,CX-3,2017.0
956,42,CX-3,2018.0
957,42,CX-3,2018.0
958,42,CX-5,2012.0
959,42,CX-5,2012.0
960,42,CX-5,2012.0
961,42,CX-5,2012.0
962,42,CX-5,2013.0
963,42,CX-5,2015.0
964,42,CX-5,2017.0
965,42,CX-5,2017.0
966,42,CX-5,2018.0
967,42,MX-5,2012.0
968,42,MX-5,2016.0
969,42,MX-5,2016.0
970,43,570S,2017.0
971,43,MP4-12C,2012.0
972,44,A,2012.0
973,44,A,2012.0
974,44,A,2016.0
975,44,A,2016.0
976,44,A,2018.0
977,44,AMG GT,2017.0
978,44,B,2012.0
979,44,B,2012.0
980,44,B,2014.0
981,44,B,2017.0
982,44,B,2018.0
983,44,B,2018.0
984,44,C,2008.0
985,44,C,2008.0
986,44,C,2008.0
987,44,C,2008.0
988,44,C,2008.0
989,44,C,2009.0
990,44,C,2011.0
991,44,C,2011.0
992,44,C,2012.0
993,44,C,2012.0
994,44,C,2014.0
995,44,C,2014.0
996,44,C,2015.0
997,44,C,2015.0
998,44,C,2016.0
999,44,C,2018.0
1000,44,C,2018.0
1001,44,C ,2014.0
1002,44,C ,2015.0
1003,44,C ,2015.0
1004,44,CL,2011.0
1005,44,CLA,2013.0
1006,44,CLA,2014.0
1007,44,CLA,2014.0
1008,44,CLA,2014.0
1009,44,CLA,2016.0
1010,44,CLA,2018.0
1011,44,CLC,2008.0
1012,44,CLS,2011.0
1013,44,E,2008.0
1014,44,E,2008.0
1015,44,E,2009.0
1016,44,E,2009.0
1017,44,E,2009.0
1018,44,E,2010.0
1019,44,E,2010.0
1020,44,E,2010.0
1021,44,E,2010.0
1022,44,E,2010.0
1023,44,E,2010.0
1024,44,E,2011.0
1025,44,E,2012.0
1026,44,E,2014.0
1027,44,E,2014.0
1028,44,E,2016.0
1029,44,E,2016.0
1030,44,E,2016.0
1031,44,E,2016.0
1032,44,E,2017.0
1033,44,E,2017.0
1034,44,E,2017.0
1035,44,E,2017.0
1036,44,E 220,2015.0
1037,44,E 250,2015.0
1038,44,E 350,2013.0
1039,44,E 350,2015.0
1040,44,GLA,2014.0
1041,44,GLA,2015.0
1042,44,GLA,2015.0
1043,44,GLA,2018.0
1044,44,GLC,2015.0
1045,44,GLC,2016.0
1046,44,GLC,2016.0
1047,44,GLC,2017.0
1048,44,GLC,2017.0
1049,44,GLC,2017.0
1050,44,GLC,2018.0
1051,44,GLE,2016.0
1052,44,GLE,2017.0
1053,44,GLE,2017.0
1054,44,GLK,2008.0
1055,44,GLK,2009.0
1056,44,GLK,2014.0
1057,44,GLK,2014.0
1058,44,ML,2008.0
1059,44,ML,2009.0
1060,44,ML,2012.0
1061,44,ML,2012.0
1062,44,ML,2012.0
1063,44,R,2012.0
1064,44,S,2008.0
1065,44,S,2008.0
1066,44,S,2009.0
1067,44,S,2010.0
1068,44,S,2013.0
1069,44,S,2014.0
1070,44,S,2016.0
1071,44,S,2016.0
1072,44,S,2016.0
1073,44,SL,2012.0
1074,44,SL,2016.0
1075,44,SLK,2011.0
1076,44,SLK,2012.0
1077,44,SLS,2012.0
1078,46,Grand Marquis,2010.0
1079,46,Mariner,2008.0
1080,48,Clubman,2012.0
1081,48,Clubman,2016.0
1082,48,Cooper,2008.0
1083,48,Cooper,2009.0
1084,48,Cooper,2010.0
1085,48,Cooper,2010.0
1086,48,Cooper,2011.0
1087,48,Cooper,2011.0
1088,48,Cooper,2011.0
1089,48,Cooper,2014.0
1090,48,Cooper,2014.0
1091,48,Cooper,2015.0
1092,48,Cooper,2016.0
1093,48,Cooper,2016.0
1094,48,Cooper,2016.0
1095,48,Cooper,2016.0
1096,48,Cooper,2017.0
1097,48,Cooper,2018.0
1098,48,Cooper,2018.0
1099,48,Countryman,2012.0
1100,48,Countryman,2014.0
1101,48,Countryman,2015.0
1102,48,Countryman,2015.0
1103,48,Countryman,2018.0
1104,48,Roadster,2012.0
1105,49,Lancer,2011.0
1106,50,ASX,2010.0
1107,50,ASX,2013.0
1108,50,ASX,2015.0
1109,50,ASX,2016.0
1110,50,Colt,2009.0
1111,50,Colt,2010.0
1112,50,i,2010.0
1113,50,Lancer,2008.0
1114,50,Lancer,2008.0
1115,50,Lancer,2008.0
1116,50,Lancer,2008.0
1117,50,Lancer,2009.0
1118,50,Lancer ,2008.0
1119,50,Outlander,2008.0
1120,50,Outlander,2008.0
1121,50,Outlander,2010.0
1122,50,Outlander,2011.0
1123,50,Outlander,2013.0
1124,50,Outlander,2014.0
1125,50,Outlander,2018.0
1126,50,Space Star,2013.0
1127,50,Space Star,2013.0
1128,50,Space Star,2017.0
1129,51,350Z,2008.0
1130,51,370Z,2009.0
1131,51,370Z,2010.0
1132,51,370Z,2010.0
1133,51,370Z,2017.0
1134,51,Altima,2008.0
1135,51,Altima,2012.0
1136,51,Altima,2013.0
1137,51,Altima,2016.0
1138,51,Cube,2009.0
1139,51,Cube,2010.0
1140,51,GT-R,2009.0
1141,51,GT-R,2011.0
1142,51,GT-R,2012.0
1143,51,GT-R,2013.0
1144,51,GT-R,2017.0
1145,51,Juke,2011.0
1146,51,Juke,2011.0
1147,51,Juke,2013.0
1148,51,Juke,2013.0
1149,51,Juke,2014.0
1150,51,Juke,2018.0
1151,51,Juke,2018.0
1152,51,Leaf,2011.0
1153,51,Leaf,2011.0
1154,51,Leaf,2013.0
1155,51,Leaf,2017.0
1156,51,Maxima,2009.0
1157,51,Micra,2011.0
1158,51,Micra,2011.0
1159,51,Micra,2012.0
1160,51,Micra,2017.0
1161,51,Micra,2017.0
1162,51,Micra,2017.0
1163,51,Micra,2018.0
1164,51,Murano,2008.0
1165,51,Murano,2009.0
1166,51,Murano,2011.0
1167,51,Navara,2012.0
1168,51,Note,2009.0
1169,51,Note,2010.0
1170,51,Note,2014.0
1171,51,Note,2016.0
1172,51,Pathfinder,2008.0
1173,51,Pathfinder,2012.0
1174,51,Pixo,2009.0
1175,51,Pulsar,2014.0
1176,51,Pulsar,2018.0
1177,51,Qashqai,2008.0
1178,51,Qashqai,2008.0
1179,51,Qashqai,2009.0
1180,51,Qashqai,2010.0
1181,51,Qashqai,2012.0
1182,51,Qashqai,2012.0
1183,51,Qashqai,2014.0
1184,51,Qashqai,2015.0
1185,51,Qashqai,2016.0
1186,51,Qashqai,2017.0
1187,51,Qashqai,2017.0
1188,51,Qashqai,2017.0
1189,51,Qashqai+2,2009.0
1190,51,Rogue,2008.0
1191,51,Rogue,2014.0
1192,51,Rogue,2016.0
1193,51,Titan,2016.0
1194,51,Versa,2012.0
1195,51,X-Trail,2008.0
1196,51,X-trail,2015.0
1197,51,X-Trail,2017.0
1198,51,X-Trail,2018.0
1199,52,Adam,2018.0
1200,52,Agila,2008.0
1201,52,Agila,2013.0
1202,52,Agile,2011.0
1203,52,Ampera,2012.0
1204,52,Ampera-e,2017.0
1205,52,Antara,2008.0
1206,52,Antera,2011.0
1207,52,Astra,2008.0
1208,52,Astra,2008.0
1209,52,Astra,2008.0
1210,52,Astra,2009.0
1211,52,Astra,2010.0
1212,52,Astra,2010.0
1213,52,Astra,2010.0
1214,52,Astra,2011.0
1215,52,Astra,2011.0
1216,52,Astra,2012.0
1217,52,Astra,2012.0
1218,52,Astra,2012.0
1219,52,Astra,2012.0
1220,52,Astra,2012.0
1221,52,Astra,2015.0
1222,52,Astra,2016.0
1223,52,Astra,2016.0
1224,52,Astra,2016.0
1225,52,Astra,2017.0
1226,52,Cascada,2014.0
1227,52,Corsa,2008.0
1228,52,Corsa,2009.0
1229,52,Corsa,2010.0
1230,52,Corsa,2011.0
1231,52,Corsa,2011.0
1232,52,Corsa,2012.0
1233,52,Corsa,2015.0
1234,52,Corsa,2016.0
1235,52,Corsa,2016.0
1236,52,Corsa,2017.0
1237,52,Crossland X,2017.0
1238,52,Crossland X,2018.0
1239,52,Insignia,2009.0
1240,52,Insignia,2009.0
1241,52,Insignia,2012.0
1242,52,Insignia,2012.0
1243,52,Insignia,2014.0
1244,52,Insignia,2015.0
1245,52,Insignia,2016.0
1246,52,Insignia,2017.0
1247,52,Insignia,2017.0
1248,52,Insignia,2018.0
1249,52,Insignia ,2017.0
1250,52,Karl,2017.0
1251,52,Meriva,2010.0
1252,52,Meriva,2012.0
1253,52,Mokka,2013.0
1254,52,Mokka,2014.0
1255,52,Mokka,2017.0
1256,52,Zafira,2008.0
1257,52,Zafira,2010.0
1258,52,Zafira,2012.0
1259,52,Zafira,2012.0
1260,52,Zafira,2015.0
1261,52,Zafira,2015.0
1262,52,Zafira Tourer,2016.0
1263,53,107,2008.0
1264,53,107,2011.0
1265,53,107,2012.0
1266,53,107,2013.0
1267,53,108,2018.0
1268,53,206,2010.0
1269,53,206,2011.0
1270,53,207,2008.0
1271,53,207,2008.0
1272,53,207,2008.0
1273,53,207,2008.0
1274,53,207,2008.0
1275,53,207,2008.0
1276,53,207,2009.0
1277,53,207,2010.0
1278,53,207,2010.0
1279,53,207,2010.0
1280,53,207,2010.0
1281,53,208,2012.0
1282,53,208,2012.0
1283,53,208,2012.0
1284,53,208,2016.0
1285,53,208,2017.0
1286,53,208,2017.0
1287,53,208,2017.0
1288,53,208,2018.0
1289,53,308,2008.0
1290,53,308,2008.0
1291,53,308,2008.0
1292,53,308,2008.0
1293,53,308,2009.0
1294,53,308,2009.0
1295,53,308,2010.0
1296,53,308,2010.0
1297,53,308,2010.0
1298,53,308,2011.0
1299,53,308,2011.0
1300,53,308,2011.0
1301,53,308,2012.0
1302,53,308,2013.0
1303,53,308,2014.0
1304,53,308,2014.0
1305,53,308,2014.0
1306,53,308,2015.0
1307,53,308,2016.0
1308,53,308,2016.0
1309,53,308,2016.0
1310,53,308,2017.0
1311,53,308,2018.0
1312,53,308,2018.0
1313,53,407,2009.0
1314,53,508,2011.0
1315,53,508,2011.0
1316,53,508,2011.0
1317,53,508,2012.0
1318,53,508,2012.0
1319,53,508,2012.0
1320,53,508,2015.0
1321,53,508,2018.0
1322,53,2008,2010.0
1323,53,2008,2013.0
1324,53,2008,2014.0
1325,53,2008,2015.0
1326,53,2008,2017.0
1327,53,2008,2018.0
1328,53,2008,2018.0
1329,53,3008,2009.0
1330,53,3008,2009.0
1331,53,3008,2010.0
1332,53,3008,2012.0
1333,53,3008,2017.0
1334,53,3008,2017.0
1335,53,3008,2018.0
1336,53,3008,2018.0
1337,53,5008,2010.0
1338,53,5008,2017.0
1339,53,5008,2018.0
1340,53,RCZ,2010.0
1341,53,RCZ,2011.0
1342,55,G8,2008.0
1343,55,G8,2008.0
1344,56,718,2016.0
1345,56,718,2016.0
1346,56,718,2017.0
1347,56,911,2008.0
1348,56,911,2010.0
1349,56,911,2011.0
1350,56,911,2011.0
1351,56,911,2012.0
1352,56,911,2012.0
1353,56,911,2013.0
1354,56,911,2014.0
1355,56,911,2016.0
1356,56,911,2016.0
1357,56,911,2016.0
1358,56,911,2016.0
1359,56,911,2017.0
1360,56,Boxter,2011.0
1361,56,Boxter,2012.0
1362,56,Boxter,2012.0
1363,56,Cayenne,2008.0
1364,56,Cayenne,2009.0
1365,56,Cayenne,2010.0
1366,56,Cayenne,2011.0
1367,56,Cayenne,2012.0
1368,56,Cayenne,2014.0
1369,56,Cayenne,2016.0
1370,56,Cayman,2008.0
1371,56,Cayman,2012.0
1372,56,Cayman,2013.0
1373,56,Cayman,2014.0
1374,56,Cayman,2017.0
1375,56,Macan,2014.0
1376,56,Macan,2015.0
1377,56,Macan,2016.0
1378,56,Macan,2016.0
1379,56,Macan,2017.0
1380,56,Macan,2017.0
1381,56,Panamera,2009.0
1382,56,Panamera,2010.0
1383,56,Panamera,2011.0
1384,56,Panamera,2011.0
1385,56,Panamera,2012.0
1386,56,Panamera,2013.0
1387,56,Panamera,2016.0
1388,56,Panamera,2017.0
1389,58,0,2013.0
1390,58,Evoque,2008.0
1391,58,Evoque,2011.0
1392,58,Evoque,2014.0
1393,58,Evoque,2016.0
1394,58,Sport,2013.0
1395,58,Sport,2014.0
1396,58,Sport,2014.0
1397,58,Velar,2017.0
1398,59,Captur,2013.0
1399,59,Captur,2014.0
1400,59,Captur,2015.0
1401,59,Captur,2017.0
1402,59,Captur,2018.0
1403,59,Clio,2008.0
1404,59,Clio,2008.0
1405,59,Clio,2009.0
1406,59,Clio,2010.0
1407,59,Clio,2010.0
1408,59,Clio,2012.0
1409,59,Clio,2014.0
1410,59,Clio,2017.0
1411,59,Clio,2017.0
1412,59,Clio,2017.0
1413,59,Clio,2018.0
1414,59,Clio,2018.0
1415,59,Espace,2008.0
1416,59,Espace,2015.0
1417,59,Espace,2016.0
1418,59,Fluence,2012.0
1419,59,Grand Espace,2008.0
1420,59,Grand Modus,2009.0
1421,59,Grand Scenic,2009.0
1422,59,Grand Scenic,2012.0
1423,59,Kadjar,2015.0
1424,59,Kadjar,2015.0
1425,59,Kadjar,2017.0
1426,59,Kadjar,2018.0
1427,59,Kadjar,2018.0
1428,59,Kangoo,2008.0
1429,59,Kangoo,2008.0
1430,59,Kangoo,2018.0
1431,59,Koleos,2008.0
1432,59,Koleos,2008.0
1433,59,Koleos,2017.0
1434,59,Koleos,2018.0
1435,59,Laguna,2008.0
1436,59,Laguna,2008.0
1437,59,Laguna,2008.0
1438,59,Laguna,2009.0
1439,59,Laguna,2011.0
1440,59,Laguna,2011.0
1441,59,Laguna,2011.0
1442,59,Laguna,2015.0
1443,59,Megane,2009.0
1444,59,Megane,2009.0
1445,59,Megane,2009.0
1446,59,Megane,2009.0
1447,59,Megane,2009.0
1448,59,Megane,2010.0
1449,59,Megane,2011.0
1450,59,Megane,2012.0
1451,59,Megane,2012.0
1452,59,Megane,2012.0
1453,59,Megane,2016.0
1454,59,Megane,2016.0
1455,59,Scenic,2008.0
1456,59,Scenic,2009.0
1457,59,Scenic,2010.0
1458,59,Scenic,2010.0
1459,59,Scenic,2017.0
1460,59,Scenic,2017.0
1461,59,Talisman,2016.0
1462,59,Talisman,2016.0
1463,59,Talisman,2017.0
1464,59,Talisman,2018.0
1465,59,Twingo,2008.0
1466,59,Twingo,2008.0
1467,59,Twingo,2009.0
1468,59,Twingo,2009.0
1469,59,Twingo,2012.0
1470,59,Twingo,2013.0
1471,59,Twingo,2014.0
1472,59,Twingo,2016.0
1473,59,Twingo,2018.0
1474,59,Wind,2010.0
1475,59,Zoe,2013.0
1476,59,Zoe,2017.0
1477,60,Wraith,2014.0
1478,62,9-3,2008.0
1479,62,9-3,2008.0
1480,62,9-3,2009.0
1481,62,9-5,2010.0
1482,62,9-5,2010.0
1483,63,Astra,2008.0
1484,63,Vue,2008.0
1485,64,FR-S,2012.0
1486,64,iQ,2012.0
1487,64,tC,2011.0
1488,64,xB,2008.0
1489,65,Alhambra,2011.0
1490,65,Altea,2008.0
1491,65,Altea,2008.0
1492,65,Altea XL,2008.0
1493,65,Arona,2018.0
1494,65,Ateca,2017.0
1495,65,Ateca,2017.0
1496,65,Ateca,2018.0
1497,65,Exeo,2009.0
1498,65,Exeo,2009.0
1499,65,Exeo,2009.0
1500,65,Exeo,2011.0
1501,65,Exeo,2012.0
1502,65,Ibiza,2008.0
1503,65,Ibiza,2010.0
1504,65,Ibiza,2010.0
1505,65,Ibiza,2011.0
1506,65,Ibiza,2011.0
1507,65,Ibiza,2012.0
1508,65,Ibiza,2016.0
1509,65,Ibiza,2017.0
1510,65,Leon,2008.0
1511,65,Leon,2008.0
1512,65,Leon,2008.0
1513,65,Leon,2009.0
1514,65,Leon,2010.0
1515,65,Leon,2013.0
1516,65,Leon,2014.0
1517,65,Leon,2014.0
1518,65,Leon,2015.0
1519,65,Leon,2016.0
1520,65,Leon,2016.0
1521,65,Leon,2017.0
1522,65,Leon,2017.0
1523,65,Leon SC,2013.0
1524,65,MII,2012.0
1525,65,Mii,2012.0
1526,65,Mii,2013.0
1527,65,Mii,2014.0
1528,66,Citigo,2012.0
1529,66,Citigo,2013.0
1530,66,Fabia,2008.0
1531,66,Fabia,2008.0
1532,66,Fabia,2010.0
1533,66,Fabia,2010.0
1534,66,Fabia,2010.0
1535,66,Fabia,2011.0
1536,66,Fabia,2015.0
1537,66,Fabia,2016.0
1538,66,Fabia,2018.0
1539,66,Kodiaq,2017.0
1540,66,Octavia,2008.0
1541,66,Octavia,2009.0
1542,66,Octavia,2010.0
1543,66,Octavia,2013.0
1544,66,Octavia,2016.0
1545,66,Octavia,2016.0
1546,66,Octavia,2017.0
1547,66,Octavia,2017.0
1548,66,Rapid,2013.0
1549,66,Roomster,2008.0
1550,66,Superb,2008.0
1551,66,Superb,2008.0
1552,66,Superb,2010.0
1553,66,Superb,2011.0
1554,66,Superb,2011.0
1555,66,Superb,2012.0
1556,66,Superb,2014.0
1557,66,Superb,2015.0
1558,66,Superb,2015.0
1559,66,Superb,2017.0
1560,66,Superb,2017.0
1561,66,Superb,2018.0
1562,66,Yeti,2010.0
1563,66,Yeti,2010.0
1564,66,Yeti,2012.0
1565,66,Yeti,2014.0
1566,66,Yeti,2017.0
1567,67,Forfour,2016.0
1568,67,Fortwo,2008.0
1569,67,Fortwo,2009.0
1570,67,Fortwo,2011.0
1571,67,Fortwo,2013.0
1572,67,Fortwo,2015.0
1573,69,Viper,2012.0
1574,70,Korando,2012.0
1575,70,Tivoli,2016.0
1576,70,Tivoli,2018.0
1577,71,BRZ,2012.0
1578,71,Forester,2008.0
1579,71,Forester,2009.0
1580,71,Forester,2009.0
1581,71,Forester,2013.0
1582,71,Forester,2015.0
1583,71,Forester,2018.0
1584,71,Forester SUV,2013.0
1585,71,Impreza,2008.0
1586,71,Impreza,2008.0
1587,71,Impreza,2008.0
1588,71,Impreza,2011.0
1589,71,Impreza,2011.0
1590,71,Justy,2008.0
1591,71,Legacy,2008.0
1592,71,Legacy,2008.0
1593,71,Legacy,2009.0
1594,71,Legacy,2010.0
1595,71,Levorg,2016.0
1596,71,Levorg,2016.0
1597,71,Outback,2010.0
1598,71,Outback,2015.0
1599,71,Trezia,2011.0
1600,71,Tribeca,2008.0
1601,71,Tribeca,2009.0
1602,71,WRX,2011.0
1603,71,WRX,2014.0
1604,71,WRX,2014.0
1605,71,XV,2012.0
1606,71,XV,2013.0
1607,72,Alto,2009.0
1608,72,Alto,2013.0
1609,72,Baleno,2018.0
1610,72,Grand Vitara,2008.0
1611,72,Ignis,2018.0
1612,72,Kizashi,2010.0
1613,72,Kizashi,2011.0
1614,72,Kizashi,2011.0
1615,72,S-Cross,2017.0
1616,72,S-Cross,2018.0
1617,72,Splash,2008.0
1618,72,Splash,2008.0
1619,72,Splash,2013.0
1620,72,Splash,2013.0
1621,72,Swift,2010.0
1622,72,Swift,2011.0
1623,72,Swift,2011.0
1624,72,Swift,2012.0
1625,72,Swift,2017.0
1626,72,SX4,2010.0
1627,72,SX4,2013.0
1628,72,Vitara,2015.0
1629,72,Vitara,2018.0
1630,73,Model S,2012.0
1631,73,Model S,2013.0
1632,73,Model S,2016.0
1633,73,Model X,2016.0
1634,73,Model X,2017.0
1635,74,4Runner,2010.0
1636,74,4Runner,2014.0
1637,74,Auris,2009.0
1638,74,Auris,2009.0
1639,74,Auris,2010.0
1640,74,Auris,2010.0
1641,74,Auris,2010.0
1642,74,Auris,2013.0
1643,74,Auris,2013.0
1644,74,Auris,2016.0
1645,74,Auris,2018.0
1646,74,Avalon,2012.0
1647,74,Avalon,2016.0
1648,74,Avensis,2008.0
1649,74,Avensis,2009.0
1650,74,Avensis,2009.0
1651,74,Avensis,2010.0
1652,74,Avensis,2012.0
1653,74,Avensis,2015.0
1654,74,Avensis,2018.0
1655,74,Aygo,2008.0
1656,74,Aygo,2009.0
1657,74,Aygo,2012.0
1658,74,Aygo,2013.0
1659,74,Aygo,2014.0
1660,74,Camry,2013.0
1661,74,C-HR,2017.0
1662,74,C-HR,2017.0
1663,74,C-HR,2018.0
1664,74,C-HR,2018.0
1665,74,Corolla,2008.0
1666,74,Corolla,2009.0
1667,74,Corolla,2014.0
1668,74,GT86,2012.0
1669,74,GT86,2014.0
1670,74,GT86,2018.0
1671,74,Highlander,2008.0
1672,74,Highlander,2011.0
1673,74,Highlander,2014.0
1674,74,iQ,2009.0
1675,74,IQ,2013.0
1676,74,Land Cruiser,2008.0
1677,74,Land Cruiser,2010.0
1678,74,Prius,2008.0
1679,74,Prius,2009.0
1680,74,Prius,2009.0
1681,74,Prius,2009.0
1682,74,Prius,2010.0
1683,74,Prius,2011.0
1684,74,Prius,2012.0
1685,74,Prius,2012.0
1686,74,Prius,2012.0
1687,74,Prius,2012.0
1688,74,Prius,2014.0
1689,74,Prius,2014.0
1690,74,Prius,2016.0
1691,74,Prius,2017.0
1692,74,Prius,2018.0
1693,74,RAV4,2008.0
1694,74,RAV4,2012.0
1695,74,RAV4,2013.0
1696,74,RAV4,2013.0
1697,74,RAV4,2018.0
1698,74,RAV4,2018.0
1699,74,Sequoia,2008.0
1700,74,Sienna,2011.0
1701,74,Tundra,2016.0
1702,74,Urban Cruiser,2009.0
1703,74,Venza,2009.0
1704,74,Verso,2008.0
1705,74,Verso,2009.0
1706,74,Verso,2018.0
1707,74,Verso-S,2011.0
1708,74,Verso-S,2011.0
1709,74,Yaris,2008.0
1710,74,Yaris,2010.0
1711,74,Yaris,2011.0
1712,74,Yaris,2012.0
1713,74,Yaris,2012.0
1714,74,Yaris,2012.0
1715,74,Yaris,2018.0
1716,74,Yaris,2018.0
1717,75,Amarok,2012.0
1718,75,Arteon,2017.0
1719,75,Arteon,2018.0
1720,75,Beetle,2012.0
1721,75,Caddy,2011.0
1722,75,CC,2009.0
1723,75,CrossPolo,2014.0
1724,75,EOS,2008.0
1725,75,EOS,2010.0
1726,75,EOS,2011.0
1727,75,Fox,2008.0
1728,75,Fox,2009.0
1729,75,Golf,2008.0
1730,75,Golf,2008.0
1731,75,Golf,2008.0
1732,75,Golf,2009.0
1733,75,Golf,2009.0
1734,75,Golf,2009.0
1735,75,Golf,2010.0
1736,75,Golf,2010.0
1737,75,Golf,2010.0
1738,75,Golf,2010.0
1739,75,Golf,2011.0
1740,75,Golf,2011.0
1741,75,Golf,2011.0
1742,75,Golf,2012.0
1743,75,Golf,2013.0
1744,75,Golf,2013.0
1745,75,Golf,2013.0
1746,75,Golf,2014.0
1747,75,Golf,2014.0
1748,75,Golf,2014.0
1749,75,Golf,2014.0
1750,75,Golf,2014.0
1751,75,Golf,2014.0
1752,75,Golf,2014.0
1753,75,Golf,2015.0
1754,75,Golf,2015.0
1755,75,Golf,2016.0
1756,75,Golf,2016.0
1757,75,Golf,2016.0
1758,75,Golf,2016.0
1759,75,Golf,2016.0
1760,75,Golf,2017.0
1761,75,Golf,2017.0
1762,75,Golf,2017.0
1763,75,Golf,2017.0
1764,75,Jetta,2008.0
1765,75,Jetta,2009.0
1766,75,Jetta,2011.0
1767,75,Jetta,2011.0
1768,75,Jetta,2011.0
1769,75,Jetta,2013.0
1770,75,Jetta,2014.0
1771,75,Jetta,2016.0
1772,75,Multivan,2011.0
1773,75,Passat,2008.0
1774,75,Passat,2008.0
1775,75,Passat,2008.0
1776,75,Passat,2008.0
1777,75,Passat,2009.0
1778,75,Passat,2011.0
1779,75,Passat,2011.0
1780,75,Passat,2011.0
1781,75,Passat,2011.0
1782,75,Passat,2012.0
1783,75,Passat,2013.0
1784,75,Passat,2014.0
1785,75,Passat,2014.0
1786,75,Passat,2015.0
1787,75,Passat,2015.0
1788,75,Passat,2016.0
1789,75,Passat,2018.0
1790,75,Passat CC,2008.0
1791,75,Phaeton,2008.0
1792,75,Phaeton,2010.0
1793,75,Phaeton,2011.0
1794,75,Polo,2009.0
1795,75,Polo,2009.0
1796,75,Polo,2010.0
1797,75,Polo,2011.0
1798,75,Polo,2012.0
1799,75,Polo,2012.0
1800,75,Polo,2013.0
1801,75,Polo,2016.0
1802,75,Polo,2016.0
1803,75,Polo,2017.0
1804,75,Polo,2017.0
1805,75,Scirocco,2008.0
1806,75,Scirocco,2009.0
1807,75,Scirocco,2012.0
1808,75,Scirocco,2014.0
1809,75,Sharan,2011.0
1810,75,Sharan,2012.0
1811,75,Sharan,2018.0
1812,75,Tiguan,2008.0
1813,75,Tiguan,2009.0
1814,75,Tiguan,2011.0
1815,75,Tiguan,2011.0
1816,75,Tiguan,2012.0
1817,75,Tiguan,2016.0
1818,75,Tiguan,2016.0
1819,75,Tiguan,2017.0
1820,75,Tiguan,2018.0
1821,75,Tiguan,2018.0
1822,75,Touareg,2008.0
1823,75,Touareg,2010.0
1824,75,Touareg,2014.0
1825,75,Touareg,2015.0
1826,75,Touareg,2018.0
1827,75,Touran,2018.0
1828,75,T-Roc,2018.0
1829,75,T-Roc,2018.0
1830,75,Up,2012.0
1831,75,Up,2013.0
1832,75,Up,2014.0
1833,75,Up,2016.0
1834,75,Up,2018.0
1835,75,Up,2018.0
1836,75,XL1,2014.0
1837,76,C30,2008.0
1838,76,C30,2008.0
1839,76,C30,2008.0
1840,76,C70,2010.0
1841,76,D6,2015.0
1842,76,S40,2008.0
1843,76,S40,2009.0
1844,76,S60,2010.0
1845,76,S60,2011.0
1846,76,S60,2011.0
1847,76,S60,2012.0
1848,76,S60,2014.0
1849,76,S80,2008.0
1850,76,S80,2008.0
1851,76,S80,2008.0
1852,76,S80,2012.0
1853,76,S80,2014.0
1854,76,S90,2016.0
1855,76,S90,2017.0
1856,76,V40,2012.0
1857,76,V40,2012.0
1858,76,V40,2012.0
1859,76,V40,2013.0
1860,76,V40,2014.0
1861,76,V40,2018.0
1862,76,V40,2018.0
1863,76,V50,2008.0
1864,76,V50,2010.0
1865,76,V60,2011.0
1866,76,V60,2012.0
1867,76,V60,2012.0
1868,76,V60,2015.0
1869,76,V70,2008.0
1870,76,V70,2008.0
1871,76,V70,2010.0
1872,76,V90,2016.0
1873,76,V90,2017.0
1874,76,V90,2017.0
1875,76,XC40,2018.0
1876,76,XC60,2008.0
1877,76,XC60,2009.0
1878,76,XC60,2010.0
1879,76,XC60,2010.0
1880,76,XC60,2011.0
1881,76,XC60,2015.0
1882,76,XC60,2016.0
1883,76,XC60,2016.0
1884,76,XC60,2017.0
1885,76,XC60,2018.0
1886,76,XC70,2008.0
1887,76,XC90,2015.0
1888,76,XC90,2016.0
1889,76,XC90,2016.0
1890,76,XC90,2017.0
1891,76,XC90,2017.0
1892,76,XC90,2018.0
1893,76,XC90,2018.0
1894,,,
